,Year_0,row_id,currentEmp13
0,2017,2017_940,African languages
1,2017,2017_206,Accounting & Finance
2,2017,2017_296,Accounting & Finance
3,2017,2017_301,Accounting & Finance
4,2017,2017_857,Accounting & Finance
5,2017,2017_929,Accounting & Finance
6,2017,2017_932,Accounting & Finance
7,2017,2017_223,Aeronautical & Manufacturing Engineering
8,2017,2017_268,Aeronautical & Manufacturing Engineering
9,2017,2017_387,Aeronautical & Manufacturing Engineering
10,2017,2017_549,Aeronautical & Manufacturing Engineering
11,2017,2017_562,Aeronautical & Manufacturing Engineering
12,2017,2017_636,Aeronautical & Manufacturing Engineering
13,2017,2017_642,Aeronautical & Manufacturing Engineering
14,2017,2017_666,Aeronautical & Manufacturing Engineering
15,2017,2017_681,Aeronautical & Manufacturing Engineering
16,2017,2017_683,Aeronautical & Manufacturing Engineering
17,2017,2017_706,Aeronautical & Manufacturing Engineering
18,2017,2017_716,Aeronautical & Manufacturing Engineering
19,2017,2017_729,Aeronautical & Manufacturing Engineering
20,2017,2017_759,Aeronautical & Manufacturing Engineering
21,2017,2017_783,Aeronautical & Manufacturing Engineering
22,2017,2017_792,Aeronautical & Manufacturing Engineering
23,2017,2017_796,Aeronautical & Manufacturing Engineering
24,2017,2017_857,Aeronautical & Manufacturing Engineering
25,2017,2017_862,Aeronautical & Manufacturing Engineering
26,2017,2017_921,Aeronautical & Manufacturing Engineering
27,2017,2017_928,Aeronautical & Manufacturing Engineering
28,2017,2017_113,Agriculture & Forestry
29,2017,2017_171,Agriculture & Forestry
30,2017,2017_224,Agriculture & Forestry
31,2017,2017_304,Agriculture & Forestry
32,2017,2017_341,Agriculture & Forestry
33,2017,2017_381,Agriculture & Forestry
34,2017,2017_432,Agriculture & Forestry
35,2017,2017_465,Agriculture & Forestry
36,2017,2017_472,Agriculture & Forestry
37,2017,2017_551,Agriculture & Forestry
38,2017,2017_562,Agriculture & Forestry
39,2017,2017_623,Agriculture & Forestry
40,2017,2017_651,Agriculture & Forestry
41,2017,2017_675,Agriculture & Forestry
42,2017,2017_698,Agriculture & Forestry
43,2017,2017_790,Agriculture & Forestry
44,2017,2017_852,Agriculture & Forestry
45,2017,2017_857,Agriculture & Forestry
46,2017,2017_904,Agriculture & Forestry
47,2017,2017_908,Agriculture & Forestry
48,2017,2017_488,American Studies
49,2017,2017_729,American Studies
50,2017,2017_929,American Studies
51,2017,2017_162,Anatomy & Physiology
52,2017,2017_171,Anatomy & Physiology
53,2017,2017_232,Anatomy & Physiology
54,2017,2017_419,Anatomy & Physiology
55,2017,2017_540,Anatomy & Physiology
56,2017,2017_545,Anatomy & Physiology
57,2017,2017_551,Anatomy & Physiology
58,2017,2017_562,Anatomy & Physiology
59,2017,2017_607,Anatomy & Physiology
60,2017,2017_673,Anatomy & Physiology
61,2017,2017_675,Anatomy & Physiology
62,2017,2017_692,Anatomy & Physiology
63,2017,2017_707,Anatomy & Physiology
64,2017,2017_716,Anatomy & Physiology
65,2017,2017_730,Anatomy & Physiology
66,2017,2017_804,Anatomy & Physiology
67,2017,2017_857,Anatomy & Physiology
68,2017,2017_176,Anthropology
69,2017,2017_481,Anthropology
70,2017,2017_488,Anthropology
71,2017,2017_542,Anthropology
72,2017,2017_562,Anthropology
73,2017,2017_673,Anthropology
74,2017,2017_675,Anthropology
75,2017,2017_709,Anthropology
76,2017,2017_776,Anthropology
77,2017,2017_816,Anthropology
78,2017,2017_895,Anthropology
79,2017,2017_217,Architecture
80,2017,2017_514,Architecture
81,2017,2017_562,Architecture
82,2017,2017_611,Architecture
83,2017,2017_615,Architecture
84,2017,2017_623,Architecture
85,2017,2017_673,Architecture
86,2017,2017_675,Architecture
87,2017,2017_692,Architecture
88,2017,2017_857,Architecture
89,2017,2017_294,Art & Design
90,2017,2017_299,Art & Design
91,2017,2017_488,Art & Design
92,2017,2017_562,Art & Design
93,2017,2017_584,Art & Design
94,2017,2017_707,Art & Design
95,2017,2017_709,Art & Design
96,2017,2017_816,Art & Design
97,2017,2017_110,Biological Sciences
98,2017,2017_119,Biological Sciences
99,2017,2017_123,Biological Sciences
100,2017,2017_124,Biological Sciences
101,2017,2017_125,Biological Sciences
102,2017,2017_127,Biological Sciences
103,2017,2017_128,Biological Sciences
104,2017,2017_130,Biological Sciences
105,2017,2017_132,Biological Sciences
106,2017,2017_135,Biological Sciences
107,2017,2017_138,Biological Sciences
108,2017,2017_147,Biological Sciences
109,2017,2017_148,Biological Sciences
110,2017,2017_149,Biological Sciences
111,2017,2017_151,Biological Sciences
112,2017,2017_154,Biological Sciences
113,2017,2017_159,Biological Sciences
114,2017,2017_162,Biological Sciences
115,2017,2017_164,Biological Sciences
116,2017,2017_171,Biological Sciences
117,2017,2017_173,Biological Sciences
118,2017,2017_174,Biological Sciences
119,2017,2017_176,Biological Sciences
120,2017,2017_179,Biological Sciences
121,2017,2017_184,Biological Sciences
122,2017,2017_187,Biological Sciences
123,2017,2017_188,Biological Sciences
124,2017,2017_189,Biological Sciences
125,2017,2017_190,Biological Sciences
126,2017,2017_192,Biological Sciences
127,2017,2017_209,Biological Sciences
128,2017,2017_211,Biological Sciences
129,2017,2017_214,Biological Sciences
130,2017,2017_215,Biological Sciences
131,2017,2017_217,Biological Sciences
132,2017,2017_221,Biological Sciences
133,2017,2017_223,Biological Sciences
134,2017,2017_226,Biological Sciences
135,2017,2017_228,Biological Sciences
136,2017,2017_232,Biological Sciences
137,2017,2017_233,Biological Sciences
138,2017,2017_238,Biological Sciences
139,2017,2017_239,Biological Sciences
140,2017,2017_248,Biological Sciences
141,2017,2017_251,Biological Sciences
142,2017,2017_254,Biological Sciences
143,2017,2017_255,Biological Sciences
144,2017,2017_256,Biological Sciences
145,2017,2017_258,Biological Sciences
146,2017,2017_259,Biological Sciences
147,2017,2017_261,Biological Sciences
148,2017,2017_263,Biological Sciences
149,2017,2017_266,Biological Sciences
150,2017,2017_268,Biological Sciences
151,2017,2017_269,Biological Sciences
152,2017,2017_271,Biological Sciences
153,2017,2017_274,Biological Sciences
154,2017,2017_282,Biological Sciences
155,2017,2017_284,Biological Sciences
156,2017,2017_289,Biological Sciences
157,2017,2017_296,Biological Sciences
158,2017,2017_301,Biological Sciences
159,2017,2017_310,Biological Sciences
160,2017,2017_311,Biological Sciences
161,2017,2017_312,Biological Sciences
162,2017,2017_318,Biological Sciences
163,2017,2017_320,Biological Sciences
164,2017,2017_324,Biological Sciences
165,2017,2017_333,Biological Sciences
166,2017,2017_335,Biological Sciences
167,2017,2017_362,Biological Sciences
168,2017,2017_365,Biological Sciences
169,2017,2017_381,Biological Sciences
170,2017,2017_394,Biological Sciences
171,2017,2017_399,Biological Sciences
172,2017,2017_400,Biological Sciences
173,2017,2017_402,Biological Sciences
174,2017,2017_413,Biological Sciences
175,2017,2017_414,Biological Sciences
176,2017,2017_415,Biological Sciences
177,2017,2017_416,Biological Sciences
178,2017,2017_417,Biological Sciences
179,2017,2017_418,Biological Sciences
180,2017,2017_419,Biological Sciences
181,2017,2017_420,Biological Sciences
182,2017,2017_421,Biological Sciences
183,2017,2017_430,Biological Sciences
184,2017,2017_435,Biological Sciences
185,2017,2017_442,Biological Sciences
186,2017,2017_447,Biological Sciences
187,2017,2017_450,Biological Sciences
188,2017,2017_451,Biological Sciences
189,2017,2017_456,Biological Sciences
190,2017,2017_462,Biological Sciences
191,2017,2017_465,Biological Sciences
192,2017,2017_466,Biological Sciences
193,2017,2017_467,Biological Sciences
194,2017,2017_470,Biological Sciences
195,2017,2017_472,Biological Sciences
196,2017,2017_473,Biological Sciences
197,2017,2017_474,Biological Sciences
198,2017,2017_483,Biological Sciences
199,2017,2017_488,Biological Sciences
200,2017,2017_489,Biological Sciences
201,2017,2017_491,Biological Sciences
202,2017,2017_492,Biological Sciences
203,2017,2017_499,Biological Sciences
204,2017,2017_509,Biological Sciences
205,2017,2017_511,Biological Sciences
206,2017,2017_513,Biological Sciences
207,2017,2017_515,Biological Sciences
208,2017,2017_521,Biological Sciences
209,2017,2017_522,Biological Sciences
210,2017,2017_527,Biological Sciences
211,2017,2017_528,Biological Sciences
212,2017,2017_530,Biological Sciences
213,2017,2017_537,Biological Sciences
214,2017,2017_538,Biological Sciences
215,2017,2017_540,Biological Sciences
216,2017,2017_542,Biological Sciences
217,2017,2017_544,Biological Sciences
218,2017,2017_547,Biological Sciences
219,2017,2017_548,Biological Sciences
220,2017,2017_551,Biological Sciences
221,2017,2017_552,Biological Sciences
222,2017,2017_555,Biological Sciences
223,2017,2017_556,Biological Sciences
224,2017,2017_558,Biological Sciences
225,2017,2017_559,Biological Sciences
226,2017,2017_562,Biological Sciences
227,2017,2017_564,Biological Sciences
228,2017,2017_568,Biological Sciences
229,2017,2017_569,Biological Sciences
230,2017,2017_570,Biological Sciences
231,2017,2017_573,Biological Sciences
232,2017,2017_574,Biological Sciences
233,2017,2017_578,Biological Sciences
234,2017,2017_580,Biological Sciences
235,2017,2017_581,Biological Sciences
236,2017,2017_583,Biological Sciences
237,2017,2017_591,Biological Sciences
238,2017,2017_595,Biological Sciences
239,2017,2017_599,Biological Sciences
240,2017,2017_601,Biological Sciences
241,2017,2017_602,Biological Sciences
242,2017,2017_606,Biological Sciences
243,2017,2017_607,Biological Sciences
244,2017,2017_608,Biological Sciences
245,2017,2017_611,Biological Sciences
246,2017,2017_613,Biological Sciences
247,2017,2017_615,Biological Sciences
248,2017,2017_616,Biological Sciences
249,2017,2017_617,Biological Sciences
250,2017,2017_618,Biological Sciences
251,2017,2017_624,Biological Sciences
252,2017,2017_625,Biological Sciences
253,2017,2017_626,Biological Sciences
254,2017,2017_627,Biological Sciences
255,2017,2017_630,Biological Sciences
256,2017,2017_634,Biological Sciences
257,2017,2017_636,Biological Sciences
258,2017,2017_637,Biological Sciences
259,2017,2017_640,Biological Sciences
260,2017,2017_653,Biological Sciences
261,2017,2017_655,Biological Sciences
262,2017,2017_672,Biological Sciences
263,2017,2017_673,Biological Sciences
264,2017,2017_675,Biological Sciences
265,2017,2017_677,Biological Sciences
266,2017,2017_679,Biological Sciences
267,2017,2017_682,Biological Sciences
268,2017,2017_684,Biological Sciences
269,2017,2017_685,Biological Sciences
270,2017,2017_691,Biological Sciences
271,2017,2017_692,Biological Sciences
272,2017,2017_698,Biological Sciences
273,2017,2017_700,Biological Sciences
274,2017,2017_706,Biological Sciences
275,2017,2017_707,Biological Sciences
276,2017,2017_711,Biological Sciences
277,2017,2017_715,Biological Sciences
278,2017,2017_716,Biological Sciences
279,2017,2017_720,Biological Sciences
280,2017,2017_724,Biological Sciences
281,2017,2017_725,Biological Sciences
282,2017,2017_729,Biological Sciences
283,2017,2017_730,Biological Sciences
284,2017,2017_732,Biological Sciences
285,2017,2017_750,Biological Sciences
286,2017,2017_751,Biological Sciences
287,2017,2017_753,Biological Sciences
288,2017,2017_755,Biological Sciences
289,2017,2017_756,Biological Sciences
290,2017,2017_759,Biological Sciences
291,2017,2017_761,Biological Sciences
292,2017,2017_763,Biological Sciences
293,2017,2017_767,Biological Sciences
294,2017,2017_771,Biological Sciences
295,2017,2017_772,Biological Sciences
296,2017,2017_773,Biological Sciences
297,2017,2017_775,Biological Sciences
298,2017,2017_777,Biological Sciences
299,2017,2017_784,Biological Sciences
300,2017,2017_794,Biological Sciences
301,2017,2017_804,Biological Sciences
302,2017,2017_811,Biological Sciences
303,2017,2017_816,Biological Sciences
304,2017,2017_819,Biological Sciences
305,2017,2017_822,Biological Sciences
306,2017,2017_825,Biological Sciences
307,2017,2017_828,Biological Sciences
308,2017,2017_831,Biological Sciences
309,2017,2017_832,Biological Sciences
310,2017,2017_834,Biological Sciences
311,2017,2017_844,Biological Sciences
312,2017,2017_845,Biological Sciences
313,2017,2017_849,Biological Sciences
314,2017,2017_852,Biological Sciences
315,2017,2017_855,Biological Sciences
316,2017,2017_857,Biological Sciences
317,2017,2017_858,Biological Sciences
318,2017,2017_860,Biological Sciences
319,2017,2017_864,Biological Sciences
320,2017,2017_867,Biological Sciences
321,2017,2017_869,Biological Sciences
322,2017,2017_871,Biological Sciences
323,2017,2017_873,Biological Sciences
324,2017,2017_878,Biological Sciences
325,2017,2017_880,Biological Sciences
326,2017,2017_886,Biological Sciences
327,2017,2017_887,Biological Sciences
328,2017,2017_890,Biological Sciences
329,2017,2017_891,Biological Sciences
330,2017,2017_897,Biological Sciences
331,2017,2017_899,Biological Sciences
332,2017,2017_901,Biological Sciences
333,2017,2017_903,Biological Sciences
334,2017,2017_904,Biological Sciences
335,2017,2017_905,Biological Sciences
336,2017,2017_906,Biological Sciences
337,2017,2017_907,Biological Sciences
338,2017,2017_908,Biological Sciences
339,2017,2017_909,Biological Sciences
340,2017,2017_913,Biological Sciences
341,2017,2017_915,Biological Sciences
342,2017,2017_916,Biological Sciences
343,2017,2017_920,Biological Sciences
344,2017,2017_926,Biological Sciences
345,2017,2017_927,Biological Sciences
346,2017,2017_160,Business & Management Studies
347,2017,2017_268,Business & Management Studies
348,2017,2017_515,Business & Management Studies
349,2017,2017_597,Business & Management Studies
350,2017,2017_615,Business & Management Studies
351,2017,2017_673,Business & Management Studies
352,2017,2017_675,Business & Management Studies
353,2017,2017_729,Business & Management Studies
354,2017,2017_735,Business & Management Studies
355,2017,2017_774,Business & Management Studies
356,2017,2017_857,Business & Management Studies
357,2017,2017_932,Business & Management Studies
358,2017,2017_130,Chemical Engineering
359,2017,2017_131,Chemical Engineering
360,2017,2017_143,Chemical Engineering
361,2017,2017_268,Chemical Engineering
362,2017,2017_344,Chemical Engineering
363,2017,2017_355,Chemical Engineering
364,2017,2017_483,Chemical Engineering
365,2017,2017_528,Chemical Engineering
366,2017,2017_562,Chemical Engineering
367,2017,2017_610,Chemical Engineering
368,2017,2017_673,Chemical Engineering
369,2017,2017_675,Chemical Engineering
370,2017,2017_676,Chemical Engineering
371,2017,2017_707,Chemical Engineering
372,2017,2017_716,Chemical Engineering
373,2017,2017_721,Chemical Engineering
374,2017,2017_729,Chemical Engineering
375,2017,2017_750,Chemical Engineering
376,2017,2017_751,Chemical Engineering
377,2017,2017_782,Chemical Engineering
378,2017,2017_798,Chemical Engineering
379,2017,2017_805,Chemical Engineering
380,2017,2017_825,Chemical Engineering
381,2017,2017_833,Chemical Engineering
382,2017,2017_857,Chemical Engineering
383,2017,2017_871,Chemical Engineering
384,2017,2017_913,Chemical Engineering
385,2017,2017_917,Chemical Engineering
386,2017,2017_945,Chemical Engineering
387,2017,2017_124,Chemistry
388,2017,2017_130,Chemistry
389,2017,2017_152,Chemistry
390,2017,2017_159,Chemistry
391,2017,2017_174,Chemistry
392,2017,2017_223,Chemistry
393,2017,2017_248,Chemistry
394,2017,2017_260,Chemistry
395,2017,2017_268,Chemistry
396,2017,2017_271,Chemistry
397,2017,2017_274,Chemistry
398,2017,2017_282,Chemistry
399,2017,2017_289,Chemistry
400,2017,2017_327,Chemistry
401,2017,2017_343,Chemistry
402,2017,2017_344,Chemistry
403,2017,2017_363,Chemistry
404,2017,2017_365,Chemistry
405,2017,2017_384,Chemistry
406,2017,2017_398,Chemistry
407,2017,2017_454,Chemistry
408,2017,2017_456,Chemistry
409,2017,2017_457,Chemistry
410,2017,2017_459,Chemistry
411,2017,2017_460,Chemistry
412,2017,2017_464,Chemistry
413,2017,2017_467,Chemistry
414,2017,2017_468,Chemistry
415,2017,2017_469,Chemistry
416,2017,2017_470,Chemistry
417,2017,2017_491,Chemistry
418,2017,2017_515,Chemistry
419,2017,2017_522,Chemistry
420,2017,2017_528,Chemistry
421,2017,2017_537,Chemistry
422,2017,2017_547,Chemistry
423,2017,2017_555,Chemistry
424,2017,2017_562,Chemistry
425,2017,2017_567,Chemistry
426,2017,2017_577,Chemistry
427,2017,2017_579,Chemistry
428,2017,2017_602,Chemistry
429,2017,2017_603,Chemistry
430,2017,2017_615,Chemistry
431,2017,2017_631,Chemistry
432,2017,2017_642,Chemistry
433,2017,2017_655,Chemistry
434,2017,2017_669,Chemistry
435,2017,2017_673,Chemistry
436,2017,2017_675,Chemistry
437,2017,2017_677,Chemistry
438,2017,2017_682,Chemistry
439,2017,2017_684,Chemistry
440,2017,2017_687,Chemistry
441,2017,2017_697,Chemistry
442,2017,2017_698,Chemistry
443,2017,2017_699,Chemistry
444,2017,2017_706,Chemistry
445,2017,2017_707,Chemistry
446,2017,2017_708,Chemistry
447,2017,2017_716,Chemistry
448,2017,2017_721,Chemistry
449,2017,2017_728,Chemistry
450,2017,2017_729,Chemistry
451,2017,2017_737,Chemistry
452,2017,2017_750,Chemistry
453,2017,2017_751,Chemistry
454,2017,2017_753,Chemistry
455,2017,2017_759,Chemistry
456,2017,2017_761,Chemistry
457,2017,2017_777,Chemistry
458,2017,2017_782,Chemistry
459,2017,2017_786,Chemistry
460,2017,2017_788,Chemistry
461,2017,2017_791,Chemistry
462,2017,2017_795,Chemistry
463,2017,2017_798,Chemistry
464,2017,2017_805,Chemistry
465,2017,2017_813,Chemistry
466,2017,2017_815,Chemistry
467,2017,2017_819,Chemistry
468,2017,2017_827,Chemistry
469,2017,2017_828,Chemistry
470,2017,2017_855,Chemistry
471,2017,2017_857,Chemistry
472,2017,2017_867,Chemistry
473,2017,2017_871,Chemistry
474,2017,2017_872,Chemistry
475,2017,2017_909,Chemistry
476,2017,2017_913,Chemistry
477,2017,2017_917,Chemistry
478,2017,2017_918,Chemistry
479,2017,2017_919,Chemistry
480,2017,2017_945,Chemistry
481,2017,2017_134,Civil Engineering
482,2017,2017_290,Civil Engineering
483,2017,2017_341,Civil Engineering
484,2017,2017_454,Civil Engineering
485,2017,2017_497,Civil Engineering
486,2017,2017_498,Civil Engineering
487,2017,2017_510,Civil Engineering
488,2017,2017_514,Civil Engineering
489,2017,2017_562,Civil Engineering
490,2017,2017_564,Civil Engineering
491,2017,2017_593,Civil Engineering
492,2017,2017_610,Civil Engineering
493,2017,2017_611,Civil Engineering
494,2017,2017_638,Civil Engineering
495,2017,2017_692,Civil Engineering
496,2017,2017_716,Civil Engineering
497,2017,2017_717,Civil Engineering
498,2017,2017_726,Civil Engineering
499,2017,2017_729,Civil Engineering
500,2017,2017_796,Civil Engineering
501,2017,2017_825,Civil Engineering
502,2017,2017_833,Civil Engineering
503,2017,2017_838,Civil Engineering
504,2017,2017_852,Civil Engineering
505,2017,2017_854,Civil Engineering
506,2017,2017_857,Civil Engineering
507,2017,2017_871,Civil Engineering
508,2017,2017_900,Civil Engineering
509,2017,2017_166,Classics & Ancient History
510,2017,2017_288,Classics & Ancient History
511,2017,2017_326,Classics & Ancient History
512,2017,2017_329,Classics & Ancient History
513,2017,2017_330,Classics & Ancient History
514,2017,2017_340,Classics & Ancient History
515,2017,2017_366,Classics & Ancient History
516,2017,2017_374,Classics & Ancient History
517,2017,2017_382,Classics & Ancient History
518,2017,2017_406,Classics & Ancient History
519,2017,2017_466,Classics & Ancient History
520,2017,2017_481,Classics & Ancient History
521,2017,2017_488,Classics & Ancient History
522,2017,2017_562,Classics & Ancient History
523,2017,2017_584,Classics & Ancient History
524,2017,2017_597,Classics & Ancient History
525,2017,2017_632,Classics & Ancient History
526,2017,2017_673,Classics & Ancient History
527,2017,2017_675,Classics & Ancient History
528,2017,2017_729,Classics & Ancient History
529,2017,2017_124,Communication & Media Studies
530,2017,2017_214,Communication & Media Studies
531,2017,2017_329,Communication & Media Studies
532,2017,2017_441,Communication & Media Studies
533,2017,2017_443,Communication & Media Studies
534,2017,2017_446,Communication & Media Studies
535,2017,2017_463,Communication & Media Studies
536,2017,2017_488,Communication & Media Studies
537,2017,2017_523,Communication & Media Studies
538,2017,2017_562,Communication & Media Studies
539,2017,2017_622,Communication & Media Studies
540,2017,2017_709,Communication & Media Studies
541,2017,2017_857,Communication & Media Studies
542,2017,2017_932,Communication & Media Studies
543,2017,2017_483,Complementary Medicine
544,2017,2017_636,Complementary Medicine
545,2017,2017_116,Computer Science
546,2017,2017_118,Computer Science
547,2017,2017_119,Computer Science
548,2017,2017_120,Computer Science
549,2017,2017_121,Computer Science
550,2017,2017_122,Computer Science
551,2017,2017_124,Computer Science
552,2017,2017_126,Computer Science
553,2017,2017_128,Computer Science
554,2017,2017_132,Computer Science
555,2017,2017_134,Computer Science
556,2017,2017_135,Computer Science
557,2017,2017_138,Computer Science
558,2017,2017_140,Computer Science
559,2017,2017_141,Computer Science
560,2017,2017_142,Computer Science
561,2017,2017_145,Computer Science
562,2017,2017_148,Computer Science
563,2017,2017_151,Computer Science
564,2017,2017_154,Computer Science
565,2017,2017_155,Computer Science
566,2017,2017_159,Computer Science
567,2017,2017_161,Computer Science
568,2017,2017_162,Computer Science
569,2017,2017_164,Computer Science
570,2017,2017_167,Computer Science
571,2017,2017_168,Computer Science
572,2017,2017_173,Computer Science
573,2017,2017_178,Computer Science
574,2017,2017_179,Computer Science
575,2017,2017_180,Computer Science
576,2017,2017_181,Computer Science
577,2017,2017_183,Computer Science
578,2017,2017_186,Computer Science
579,2017,2017_192,Computer Science
580,2017,2017_196,Computer Science
581,2017,2017_205,Computer Science
582,2017,2017_210,Computer Science
583,2017,2017_211,Computer Science
584,2017,2017_213,Computer Science
585,2017,2017_215,Computer Science
586,2017,2017_217,Computer Science
587,2017,2017_219,Computer Science
588,2017,2017_221,Computer Science
589,2017,2017_222,Computer Science
590,2017,2017_232,Computer Science
591,2017,2017_234,Computer Science
592,2017,2017_238,Computer Science
593,2017,2017_241,Computer Science
594,2017,2017_242,Computer Science
595,2017,2017_245,Computer Science
596,2017,2017_249,Computer Science
597,2017,2017_250,Computer Science
598,2017,2017_251,Computer Science
599,2017,2017_253,Computer Science
600,2017,2017_259,Computer Science
601,2017,2017_261,Computer Science
602,2017,2017_263,Computer Science
603,2017,2017_268,Computer Science
604,2017,2017_271,Computer Science
605,2017,2017_276,Computer Science
606,2017,2017_277,Computer Science
607,2017,2017_278,Computer Science
608,2017,2017_279,Computer Science
609,2017,2017_280,Computer Science
610,2017,2017_281,Computer Science
611,2017,2017_296,Computer Science
612,2017,2017_299,Computer Science
613,2017,2017_300,Computer Science
614,2017,2017_301,Computer Science
615,2017,2017_307,Computer Science
616,2017,2017_310,Computer Science
617,2017,2017_316,Computer Science
618,2017,2017_318,Computer Science
619,2017,2017_320,Computer Science
620,2017,2017_321,Computer Science
621,2017,2017_334,Computer Science
622,2017,2017_335,Computer Science
623,2017,2017_339,Computer Science
624,2017,2017_340,Computer Science
625,2017,2017_342,Computer Science
626,2017,2017_348,Computer Science
627,2017,2017_350,Computer Science
628,2017,2017_351,Computer Science
629,2017,2017_355,Computer Science
630,2017,2017_360,Computer Science
631,2017,2017_361,Computer Science
632,2017,2017_362,Computer Science
633,2017,2017_368,Computer Science
634,2017,2017_369,Computer Science
635,2017,2017_371,Computer Science
636,2017,2017_373,Computer Science
637,2017,2017_374,Computer Science
638,2017,2017_375,Computer Science
639,2017,2017_381,Computer Science
640,2017,2017_386,Computer Science
641,2017,2017_392,Computer Science
642,2017,2017_394,Computer Science
643,2017,2017_399,Computer Science
644,2017,2017_400,Computer Science
645,2017,2017_401,Computer Science
646,2017,2017_402,Computer Science
647,2017,2017_408,Computer Science
648,2017,2017_417,Computer Science
649,2017,2017_419,Computer Science
650,2017,2017_422,Computer Science
651,2017,2017_424,Computer Science
652,2017,2017_425,Computer Science
653,2017,2017_426,Computer Science
654,2017,2017_427,Computer Science
655,2017,2017_430,Computer Science
656,2017,2017_431,Computer Science
657,2017,2017_432,Computer Science
658,2017,2017_438,Computer Science
659,2017,2017_440,Computer Science
660,2017,2017_443,Computer Science
661,2017,2017_447,Computer Science
662,2017,2017_449,Computer Science
663,2017,2017_451,Computer Science
664,2017,2017_452,Computer Science
665,2017,2017_454,Computer Science
666,2017,2017_455,Computer Science
667,2017,2017_456,Computer Science
668,2017,2017_457,Computer Science
669,2017,2017_458,Computer Science
670,2017,2017_460,Computer Science
671,2017,2017_462,Computer Science
672,2017,2017_464,Computer Science
673,2017,2017_466,Computer Science
674,2017,2017_467,Computer Science
675,2017,2017_470,Computer Science
676,2017,2017_472,Computer Science
677,2017,2017_474,Computer Science
678,2017,2017_475,Computer Science
679,2017,2017_477,Computer Science
680,2017,2017_478,Computer Science
681,2017,2017_480,Computer Science
682,2017,2017_481,Computer Science
683,2017,2017_483,Computer Science
684,2017,2017_484,Computer Science
685,2017,2017_485,Computer Science
686,2017,2017_488,Computer Science
687,2017,2017_489,Computer Science
688,2017,2017_491,Computer Science
689,2017,2017_493,Computer Science
690,2017,2017_494,Computer Science
691,2017,2017_495,Computer Science
692,2017,2017_496,Computer Science
693,2017,2017_500,Computer Science
694,2017,2017_502,Computer Science
695,2017,2017_505,Computer Science
696,2017,2017_506,Computer Science
697,2017,2017_507,Computer Science
698,2017,2017_508,Computer Science
699,2017,2017_512,Computer Science
700,2017,2017_513,Computer Science
701,2017,2017_515,Computer Science
702,2017,2017_518,Computer Science
703,2017,2017_519,Computer Science
704,2017,2017_523,Computer Science
705,2017,2017_524,Computer Science
706,2017,2017_525,Computer Science
707,2017,2017_528,Computer Science
708,2017,2017_529,Computer Science
709,2017,2017_530,Computer Science
710,2017,2017_534,Computer Science
711,2017,2017_536,Computer Science
712,2017,2017_538,Computer Science
713,2017,2017_545,Computer Science
714,2017,2017_547,Computer Science
715,2017,2017_548,Computer Science
716,2017,2017_551,Computer Science
717,2017,2017_552,Computer Science
718,2017,2017_553,Computer Science
719,2017,2017_557,Computer Science
720,2017,2017_558,Computer Science
721,2017,2017_559,Computer Science
722,2017,2017_562,Computer Science
723,2017,2017_564,Computer Science
724,2017,2017_565,Computer Science
725,2017,2017_568,Computer Science
726,2017,2017_573,Computer Science
727,2017,2017_574,Computer Science
728,2017,2017_575,Computer Science
729,2017,2017_580,Computer Science
730,2017,2017_583,Computer Science
731,2017,2017_585,Computer Science
732,2017,2017_589,Computer Science
733,2017,2017_591,Computer Science
734,2017,2017_597,Computer Science
735,2017,2017_598,Computer Science
736,2017,2017_602,Computer Science
737,2017,2017_603,Computer Science
738,2017,2017_606,Computer Science
739,2017,2017_609,Computer Science
740,2017,2017_610,Computer Science
741,2017,2017_611,Computer Science
742,2017,2017_612,Computer Science
743,2017,2017_613,Computer Science
744,2017,2017_615,Computer Science
745,2017,2017_619,Computer Science
746,2017,2017_620,Computer Science
747,2017,2017_622,Computer Science
748,2017,2017_623,Computer Science
749,2017,2017_624,Computer Science
750,2017,2017_625,Computer Science
751,2017,2017_626,Computer Science
752,2017,2017_628,Computer Science
753,2017,2017_632,Computer Science
754,2017,2017_633,Computer Science
755,2017,2017_634,Computer Science
756,2017,2017_636,Computer Science
757,2017,2017_639,Computer Science
758,2017,2017_640,Computer Science
759,2017,2017_642,Computer Science
760,2017,2017_647,Computer Science
761,2017,2017_650,Computer Science
762,2017,2017_652,Computer Science
763,2017,2017_653,Computer Science
764,2017,2017_654,Computer Science
765,2017,2017_658,Computer Science
766,2017,2017_661,Computer Science
767,2017,2017_669,Computer Science
768,2017,2017_671,Computer Science
769,2017,2017_672,Computer Science
770,2017,2017_673,Computer Science
771,2017,2017_675,Computer Science
772,2017,2017_678,Computer Science
773,2017,2017_679,Computer Science
774,2017,2017_680,Computer Science
775,2017,2017_688,Computer Science
776,2017,2017_690,Computer Science
777,2017,2017_692,Computer Science
778,2017,2017_693,Computer Science
779,2017,2017_694,Computer Science
780,2017,2017_696,Computer Science
781,2017,2017_698,Computer Science
782,2017,2017_699,Computer Science
783,2017,2017_700,Computer Science
784,2017,2017_702,Computer Science
785,2017,2017_706,Computer Science
786,2017,2017_707,Computer Science
787,2017,2017_709,Computer Science
788,2017,2017_712,Computer Science
789,2017,2017_716,Computer Science
790,2017,2017_719,Computer Science
791,2017,2017_724,Computer Science
792,2017,2017_727,Computer Science
793,2017,2017_729,Computer Science
794,2017,2017_730,Computer Science
795,2017,2017_732,Computer Science
796,2017,2017_735,Computer Science
797,2017,2017_738,Computer Science
798,2017,2017_739,Computer Science
799,2017,2017_741,Computer Science
800,2017,2017_745,Computer Science
801,2017,2017_746,Computer Science
802,2017,2017_747,Computer Science
803,2017,2017_749,Computer Science
804,2017,2017_750,Computer Science
805,2017,2017_751,Computer Science
806,2017,2017_753,Computer Science
807,2017,2017_756,Computer Science
808,2017,2017_759,Computer Science
809,2017,2017_760,Computer Science
810,2017,2017_761,Computer Science
811,2017,2017_766,Computer Science
812,2017,2017_767,Computer Science
813,2017,2017_769,Computer Science
814,2017,2017_772,Computer Science
815,2017,2017_774,Computer Science
816,2017,2017_777,Computer Science
817,2017,2017_778,Computer Science
818,2017,2017_779,Computer Science
819,2017,2017_782,Computer Science
820,2017,2017_784,Computer Science
821,2017,2017_785,Computer Science
822,2017,2017_787,Computer Science
823,2017,2017_788,Computer Science
824,2017,2017_789,Computer Science
825,2017,2017_790,Computer Science
826,2017,2017_793,Computer Science
827,2017,2017_794,Computer Science
828,2017,2017_795,Computer Science
829,2017,2017_796,Computer Science
830,2017,2017_797,Computer Science
831,2017,2017_798,Computer Science
832,2017,2017_800,Computer Science
833,2017,2017_801,Computer Science
834,2017,2017_804,Computer Science
835,2017,2017_808,Computer Science
836,2017,2017_809,Computer Science
837,2017,2017_810,Computer Science
838,2017,2017_813,Computer Science
839,2017,2017_814,Computer Science
840,2017,2017_815,Computer Science
841,2017,2017_816,Computer Science
842,2017,2017_818,Computer Science
843,2017,2017_819,Computer Science
844,2017,2017_820,Computer Science
845,2017,2017_821,Computer Science
846,2017,2017_823,Computer Science
847,2017,2017_824,Computer Science
848,2017,2017_825,Computer Science
849,2017,2017_827,Computer Science
850,2017,2017_829,Computer Science
851,2017,2017_832,Computer Science
852,2017,2017_834,Computer Science
853,2017,2017_836,Computer Science
854,2017,2017_838,Computer Science
855,2017,2017_841,Computer Science
856,2017,2017_842,Computer Science
857,2017,2017_843,Computer Science
858,2017,2017_844,Computer Science
859,2017,2017_848,Computer Science
860,2017,2017_849,Computer Science
861,2017,2017_850,Computer Science
862,2017,2017_851,Computer Science
863,2017,2017_852,Computer Science
864,2017,2017_853,Computer Science
865,2017,2017_857,Computer Science
866,2017,2017_858,Computer Science
867,2017,2017_859,Computer Science
868,2017,2017_860,Computer Science
869,2017,2017_862,Computer Science
870,2017,2017_863,Computer Science
871,2017,2017_864,Computer Science
872,2017,2017_865,Computer Science
873,2017,2017_867,Computer Science
874,2017,2017_868,Computer Science
875,2017,2017_870,Computer Science
876,2017,2017_871,Computer Science
877,2017,2017_872,Computer Science
878,2017,2017_873,Computer Science
879,2017,2017_875,Computer Science
880,2017,2017_876,Computer Science
881,2017,2017_877,Computer Science
882,2017,2017_878,Computer Science
883,2017,2017_881,Computer Science
884,2017,2017_882,Computer Science
885,2017,2017_885,Computer Science
886,2017,2017_888,Computer Science
887,2017,2017_889,Computer Science
888,2017,2017_892,Computer Science
889,2017,2017_893,Computer Science
890,2017,2017_894,Computer Science
891,2017,2017_897,Computer Science
892,2017,2017_898,Computer Science
893,2017,2017_903,Computer Science
894,2017,2017_905,Computer Science
895,2017,2017_910,Computer Science
896,2017,2017_911,Computer Science
897,2017,2017_913,Computer Science
898,2017,2017_914,Computer Science
899,2017,2017_916,Computer Science
900,2017,2017_920,Computer Science
901,2017,2017_921,Computer Science
902,2017,2017_926,Computer Science
903,2017,2017_927,Computer Science
904,2017,2017_932,Computer Science
905,2017,2017_933,Computer Science
906,2017,2017_938,Computer Science
907,2017,2017_940,Computer Science
908,2017,2017_941,Computer Science
909,2017,2017_400,Counselling
910,2017,2017_417,Counselling
911,2017,2017_562,Counselling
912,2017,2017_483,Criminology
913,2017,2017_562,Criminology
914,2017,2017_562,Dentistry
915,2017,2017_488,East & South Asian Studies
916,2017,2017_584,East & South Asian Studies
917,2017,2017_113,Economics
918,2017,2017_115,Economics
919,2017,2017_117,Economics
920,2017,2017_133,Economics
921,2017,2017_153,Economics
922,2017,2017_222,Economics
923,2017,2017_268,Economics
924,2017,2017_409,Economics
925,2017,2017_412,Economics
926,2017,2017_537,Economics
927,2017,2017_562,Economics
928,2017,2017_596,Economics
929,2017,2017_631,Economics
930,2017,2017_651,Economics
931,2017,2017_673,Economics
932,2017,2017_690,Economics
933,2017,2017_729,Economics
934,2017,2017_779,Economics
935,2017,2017_857,Economics
936,2017,2017_871,Economics
937,2017,2017_872,Economics
938,2017,2017_903,Economics
939,2017,2017_914,Economics
940,2017,2017_124,Education
941,2017,2017_126,Education
942,2017,2017_135,Education
943,2017,2017_137,Education
944,2017,2017_160,Education
945,2017,2017_192,Education
946,2017,2017_208,Education
947,2017,2017_240,Education
948,2017,2017_268,Education
949,2017,2017_275,Education
950,2017,2017_299,Education
951,2017,2017_320,Education
952,2017,2017_323,Education
953,2017,2017_331,Education
954,2017,2017_345,Education
955,2017,2017_400,Education
956,2017,2017_417,Education
957,2017,2017_466,Education
958,2017,2017_472,Education
959,2017,2017_474,Education
960,2017,2017_488,Education
961,2017,2017_491,Education
962,2017,2017_507,Education
963,2017,2017_538,Education
964,2017,2017_541,Education
965,2017,2017_562,Education
966,2017,2017_584,Education
967,2017,2017_589,Education
968,2017,2017_612,Education
969,2017,2017_615,Education
970,2017,2017_622,Education
971,2017,2017_644,Education
972,2017,2017_673,Education
973,2017,2017_675,Education
974,2017,2017_698,Education
975,2017,2017_715,Education
976,2017,2017_716,Education
977,2017,2017_730,Education
978,2017,2017_767,Education
979,2017,2017_804,Education
980,2017,2017_819,Education
981,2017,2017_857,Education
982,2017,2017_858,Education
983,2017,2017_867,Education
984,2017,2017_873,Education
985,2017,2017_892,Education
986,2017,2017_894,Education
987,2017,2017_925,Education
988,2017,2017_930,Education
989,2017,2017_938,Education
990,2017,2017_943,Education
991,2017,2017_125,Electrical & Electronic Engineering
992,2017,2017_148,Electrical & Electronic Engineering
993,2017,2017_162,Electrical & Electronic Engineering
994,2017,2017_216,Electrical & Electronic Engineering
995,2017,2017_223,Electrical & Electronic Engineering
996,2017,2017_240,Electrical & Electronic Engineering
997,2017,2017_268,Electrical & Electronic Engineering
998,2017,2017_287,Electrical & Electronic Engineering
999,2017,2017_296,Electrical & Electronic Engineering
1000,2017,2017_334,Electrical & Electronic Engineering
1001,2017,2017_360,Electrical & Electronic Engineering
1002,2017,2017_425,Electrical & Electronic Engineering
1003,2017,2017_512,Electrical & Electronic Engineering
1004,2017,2017_520,Electrical & Electronic Engineering
1005,2017,2017_534,Electrical & Electronic Engineering
1006,2017,2017_551,Electrical & Electronic Engineering
1007,2017,2017_562,Electrical & Electronic Engineering
1008,2017,2017_588,Electrical & Electronic Engineering
1009,2017,2017_593,Electrical & Electronic Engineering
1010,2017,2017_598,Electrical & Electronic Engineering
1011,2017,2017_615,Electrical & Electronic Engineering
1012,2017,2017_631,Electrical & Electronic Engineering
1013,2017,2017_636,Electrical & Electronic Engineering
1014,2017,2017_643,Electrical & Electronic Engineering
1015,2017,2017_673,Electrical & Electronic Engineering
1016,2017,2017_675,Electrical & Electronic Engineering
1017,2017,2017_678,Electrical & Electronic Engineering
1018,2017,2017_689,Electrical & Electronic Engineering
1019,2017,2017_696,Electrical & Electronic Engineering
1020,2017,2017_699,Electrical & Electronic Engineering
1021,2017,2017_706,Electrical & Electronic Engineering
1022,2017,2017_713,Electrical & Electronic Engineering
1023,2017,2017_716,Electrical & Electronic Engineering
1024,2017,2017_729,Electrical & Electronic Engineering
1025,2017,2017_743,Electrical & Electronic Engineering
1026,2017,2017_745,Electrical & Electronic Engineering
1027,2017,2017_747,Electrical & Electronic Engineering
1028,2017,2017_769,Electrical & Electronic Engineering
1029,2017,2017_778,Electrical & Electronic Engineering
1030,2017,2017_798,Electrical & Electronic Engineering
1031,2017,2017_819,Electrical & Electronic Engineering
1032,2017,2017_827,Electrical & Electronic Engineering
1033,2017,2017_829,Electrical & Electronic Engineering
1034,2017,2017_857,Electrical & Electronic Engineering
1035,2017,2017_870,Electrical & Electronic Engineering
1036,2017,2017_871,Electrical & Electronic Engineering
1037,2017,2017_876,Electrical & Electronic Engineering
1038,2017,2017_883,Electrical & Electronic Engineering
1039,2017,2017_898,Electrical & Electronic Engineering
1040,2017,2017_925,Electrical & Electronic Engineering
1041,2017,2017_942,Electrical & Electronic Engineering
1042,2017,2017_474,English
1043,2017,2017_488,English
1044,2017,2017_519,English
1045,2017,2017_675,English
1046,2017,2017_562,Fashion
1047,2017,2017_268,Food Science
1048,2017,2017_308,Food Science
1049,2017,2017_456,Food Science
1050,2017,2017_472,Food Science
1051,2017,2017_473,Food Science
1052,2017,2017_482,Food Science
1053,2017,2017_488,Food Science
1054,2017,2017_562,Food Science
1055,2017,2017_615,Food Science
1056,2017,2017_651,Food Science
1057,2017,2017_721,Food Science
1058,2017,2017_774,Food Science
1059,2017,2017_114,French
1060,2017,2017_488,French
1061,2017,2017_519,French
1062,2017,2017_121,General Engineering
1063,2017,2017_133,General Engineering
1064,2017,2017_249,General Engineering
1065,2017,2017_268,General Engineering
1066,2017,2017_272,General Engineering
1067,2017,2017_313,General Engineering
1068,2017,2017_328,General Engineering
1069,2017,2017_386,General Engineering
1070,2017,2017_425,General Engineering
1071,2017,2017_429,General Engineering
1072,2017,2017_466,General Engineering
1073,2017,2017_512,General Engineering
1074,2017,2017_515,General Engineering
1075,2017,2017_562,General Engineering
1076,2017,2017_573,General Engineering
1077,2017,2017_579,General Engineering
1078,2017,2017_613,General Engineering
1079,2017,2017_629,General Engineering
1080,2017,2017_636,General Engineering
1081,2017,2017_650,General Engineering
1082,2017,2017_666,General Engineering
1083,2017,2017_675,General Engineering
1084,2017,2017_678,General Engineering
1085,2017,2017_689,General Engineering
1086,2017,2017_695,General Engineering
1087,2017,2017_705,General Engineering
1088,2017,2017_706,General Engineering
1089,2017,2017_707,General Engineering
1090,2017,2017_731,General Engineering
1091,2017,2017_732,General Engineering
1092,2017,2017_742,General Engineering
1093,2017,2017_779,General Engineering
1094,2017,2017_824,General Engineering
1095,2017,2017_829,General Engineering
1096,2017,2017_833,General Engineering
1097,2017,2017_842,General Engineering
1098,2017,2017_857,General Engineering
1099,2017,2017_877,General Engineering
1100,2017,2017_883,General Engineering
1101,2017,2017_925,General Engineering
1102,2017,2017_930,General Engineering
1103,2017,2017_111,Geography & Environmental Sciences
1104,2017,2017_112,Geography & Environmental Sciences
1105,2017,2017_116,Geography & Environmental Sciences
1106,2017,2017_117,Geography & Environmental Sciences
1107,2017,2017_121,Geography & Environmental Sciences
1108,2017,2017_122,Geography & Environmental Sciences
1109,2017,2017_124,Geography & Environmental Sciences
1110,2017,2017_129,Geography & Environmental Sciences
1111,2017,2017_153,Geography & Environmental Sciences
1112,2017,2017_169,Geography & Environmental Sciences
1113,2017,2017_171,Geography & Environmental Sciences
1114,2017,2017_172,Geography & Environmental Sciences
1115,2017,2017_180,Geography & Environmental Sciences
1116,2017,2017_192,Geography & Environmental Sciences
1117,2017,2017_195,Geography & Environmental Sciences
1118,2017,2017_197,Geography & Environmental Sciences
1119,2017,2017_201,Geography & Environmental Sciences
1120,2017,2017_202,Geography & Environmental Sciences
1121,2017,2017_203,Geography & Environmental Sciences
1122,2017,2017_204,Geography & Environmental Sciences
1123,2017,2017_208,Geography & Environmental Sciences
1124,2017,2017_224,Geography & Environmental Sciences
1125,2017,2017_229,Geography & Environmental Sciences
1126,2017,2017_235,Geography & Environmental Sciences
1127,2017,2017_236,Geography & Environmental Sciences
1128,2017,2017_242,Geography & Environmental Sciences
1129,2017,2017_246,Geography & Environmental Sciences
1130,2017,2017_250,Geography & Environmental Sciences
1131,2017,2017_268,Geography & Environmental Sciences
1132,2017,2017_272,Geography & Environmental Sciences
1133,2017,2017_281,Geography & Environmental Sciences
1134,2017,2017_290,Geography & Environmental Sciences
1135,2017,2017_297,Geography & Environmental Sciences
1136,2017,2017_306,Geography & Environmental Sciences
1137,2017,2017_339,Geography & Environmental Sciences
1138,2017,2017_341,Geography & Environmental Sciences
1139,2017,2017_343,Geography & Environmental Sciences
1140,2017,2017_346,Geography & Environmental Sciences
1141,2017,2017_348,Geography & Environmental Sciences
1142,2017,2017_351,Geography & Environmental Sciences
1143,2017,2017_353,Geography & Environmental Sciences
1144,2017,2017_354,Geography & Environmental Sciences
1145,2017,2017_357,Geography & Environmental Sciences
1146,2017,2017_359,Geography & Environmental Sciences
1147,2017,2017_361,Geography & Environmental Sciences
1148,2017,2017_362,Geography & Environmental Sciences
1149,2017,2017_363,Geography & Environmental Sciences
1150,2017,2017_365,Geography & Environmental Sciences
1151,2017,2017_368,Geography & Environmental Sciences
1152,2017,2017_371,Geography & Environmental Sciences
1153,2017,2017_372,Geography & Environmental Sciences
1154,2017,2017_376,Geography & Environmental Sciences
1155,2017,2017_381,Geography & Environmental Sciences
1156,2017,2017_384,Geography & Environmental Sciences
1157,2017,2017_386,Geography & Environmental Sciences
1158,2017,2017_389,Geography & Environmental Sciences
1159,2017,2017_392,Geography & Environmental Sciences
1160,2017,2017_403,Geography & Environmental Sciences
1161,2017,2017_404,Geography & Environmental Sciences
1162,2017,2017_405,Geography & Environmental Sciences
1163,2017,2017_409,Geography & Environmental Sciences
1164,2017,2017_423,Geography & Environmental Sciences
1165,2017,2017_424,Geography & Environmental Sciences
1166,2017,2017_426,Geography & Environmental Sciences
1167,2017,2017_428,Geography & Environmental Sciences
1168,2017,2017_432,Geography & Environmental Sciences
1169,2017,2017_454,Geography & Environmental Sciences
1170,2017,2017_456,Geography & Environmental Sciences
1171,2017,2017_457,Geography & Environmental Sciences
1172,2017,2017_458,Geography & Environmental Sciences
1173,2017,2017_463,Geography & Environmental Sciences
1174,2017,2017_466,Geography & Environmental Sciences
1175,2017,2017_486,Geography & Environmental Sciences
1176,2017,2017_498,Geography & Environmental Sciences
1177,2017,2017_500,Geography & Environmental Sciences
1178,2017,2017_510,Geography & Environmental Sciences
1179,2017,2017_524,Geography & Environmental Sciences
1180,2017,2017_526,Geography & Environmental Sciences
1181,2017,2017_543,Geography & Environmental Sciences
1182,2017,2017_562,Geography & Environmental Sciences
1183,2017,2017_565,Geography & Environmental Sciences
1184,2017,2017_572,Geography & Environmental Sciences
1185,2017,2017_591,Geography & Environmental Sciences
1186,2017,2017_593,Geography & Environmental Sciences
1187,2017,2017_595,Geography & Environmental Sciences
1188,2017,2017_614,Geography & Environmental Sciences
1189,2017,2017_615,Geography & Environmental Sciences
1190,2017,2017_623,Geography & Environmental Sciences
1191,2017,2017_633,Geography & Environmental Sciences
1192,2017,2017_636,Geography & Environmental Sciences
1193,2017,2017_641,Geography & Environmental Sciences
1194,2017,2017_650,Geography & Environmental Sciences
1195,2017,2017_651,Geography & Environmental Sciences
1196,2017,2017_662,Geography & Environmental Sciences
1197,2017,2017_665,Geography & Environmental Sciences
1198,2017,2017_668,Geography & Environmental Sciences
1199,2017,2017_670,Geography & Environmental Sciences
1200,2017,2017_673,Geography & Environmental Sciences
1201,2017,2017_675,Geography & Environmental Sciences
1202,2017,2017_690,Geography & Environmental Sciences
1203,2017,2017_695,Geography & Environmental Sciences
1204,2017,2017_703,Geography & Environmental Sciences
1205,2017,2017_710,Geography & Environmental Sciences
1206,2017,2017_716,Geography & Environmental Sciences
1207,2017,2017_718,Geography & Environmental Sciences
1208,2017,2017_729,Geography & Environmental Sciences
1209,2017,2017_730,Geography & Environmental Sciences
1210,2017,2017_734,Geography & Environmental Sciences
1211,2017,2017_760,Geography & Environmental Sciences
1212,2017,2017_762,Geography & Environmental Sciences
1213,2017,2017_768,Geography & Environmental Sciences
1214,2017,2017_772,Geography & Environmental Sciences
1215,2017,2017_776,Geography & Environmental Sciences
1216,2017,2017_789,Geography & Environmental Sciences
1217,2017,2017_790,Geography & Environmental Sciences
1218,2017,2017_807,Geography & Environmental Sciences
1219,2017,2017_825,Geography & Environmental Sciences
1220,2017,2017_845,Geography & Environmental Sciences
1221,2017,2017_848,Geography & Environmental Sciences
1222,2017,2017_852,Geography & Environmental Sciences
1223,2017,2017_853,Geography & Environmental Sciences
1224,2017,2017_857,Geography & Environmental Sciences
1225,2017,2017_863,Geography & Environmental Sciences
1226,2017,2017_869,Geography & Environmental Sciences
1227,2017,2017_878,Geography & Environmental Sciences
1228,2017,2017_882,Geography & Environmental Sciences
1229,2017,2017_888,Geography & Environmental Sciences
1230,2017,2017_891,Geography & Environmental Sciences
1231,2017,2017_910,Geography & Environmental Sciences
1232,2017,2017_926,Geography & Environmental Sciences
1233,2017,2017_929,Geography & Environmental Sciences
1234,2017,2017_932,Geography & Environmental Sciences
1235,2017,2017_111,Geology
1236,2017,2017_122,Geology
1237,2017,2017_141,Geology
1238,2017,2017_191,Geology
1239,2017,2017_192,Geology
1240,2017,2017_200,Geology
1241,2017,2017_202,Geology
1242,2017,2017_203,Geology
1243,2017,2017_207,Geology
1244,2017,2017_208,Geology
1245,2017,2017_229,Geology
1246,2017,2017_246,Geology
1247,2017,2017_268,Geology
1248,2017,2017_272,Geology
1249,2017,2017_288,Geology
1250,2017,2017_290,Geology
1251,2017,2017_292,Geology
1252,2017,2017_295,Geology
1253,2017,2017_297,Geology
1254,2017,2017_341,Geology
1255,2017,2017_386,Geology
1256,2017,2017_424,Geology
1257,2017,2017_431,Geology
1258,2017,2017_432,Geology
1259,2017,2017_535,Geology
1260,2017,2017_543,Geology
1261,2017,2017_562,Geology
1262,2017,2017_586,Geology
1263,2017,2017_593,Geology
1264,2017,2017_665,Geology
1265,2017,2017_675,Geology
1266,2017,2017_716,Geology
1267,2017,2017_723,Geology
1268,2017,2017_728,Geology
1269,2017,2017_729,Geology
1270,2017,2017_777,Geology
1271,2017,2017_782,Geology
1272,2017,2017_790,Geology
1273,2017,2017_796,Geology
1274,2017,2017_804,Geology
1275,2017,2017_819,Geology
1276,2017,2017_820,Geology
1277,2017,2017_835,Geology
1278,2017,2017_839,Geology
1279,2017,2017_844,Geology
1280,2017,2017_846,Geology
1281,2017,2017_847,Geology
1282,2017,2017_853,Geology
1283,2017,2017_855,Geology
1284,2017,2017_856,Geology
1285,2017,2017_857,Geology
1286,2017,2017_858,Geology
1287,2017,2017_872,Geology
1288,2017,2017_878,Geology
1289,2017,2017_888,Geology
1290,2017,2017_910,Geology
1291,2017,2017_912,Geology
1292,2017,2017_926,Geology
1293,2017,2017_114,German
1294,2017,2017_118,German
1295,2017,2017_305,German
1296,2017,2017_326,German
1297,2017,2017_331,German
1298,2017,2017_488,German
1299,2017,2017_729,German
1300,2017,2017_150,History
1301,2017,2017_165,History
1302,2017,2017_166,History
1303,2017,2017_326,History
1304,2017,2017_329,History
1305,2017,2017_331,History
1306,2017,2017_340,History
1307,2017,2017_342,History
1308,2017,2017_374,History
1309,2017,2017_439,History
1310,2017,2017_444,History
1311,2017,2017_448,History
1312,2017,2017_452,History
1313,2017,2017_455,History
1314,2017,2017_478,History
1315,2017,2017_479,History
1316,2017,2017_483,History
1317,2017,2017_488,History
1318,2017,2017_490,History
1319,2017,2017_519,History
1320,2017,2017_562,History
1321,2017,2017_584,History
1322,2017,2017_587,History
1323,2017,2017_615,History
1324,2017,2017_623,History
1325,2017,2017_673,History
1326,2017,2017_729,History
1327,2017,2017_857,History
1328,2017,2017_150,"History of Art, Architecture & Design"
1329,2017,2017_330,"History of Art, Architecture & Design"
1330,2017,2017_336,"History of Art, Architecture & Design"
1331,2017,2017_488,"History of Art, Architecture & Design"
1332,2017,2017_562,"History of Art, Architecture & Design"
1333,2017,2017_584,"History of Art, Architecture & Design"
1334,2017,2017_729,"History of Art, Architecture & Design"
1335,2017,2017_777,"History of Art, Architecture & Design"
1336,2017,2017_562,"Hospitality, Leisure, Recreation & Tourism"
1337,2017,2017_342,Iberian Languages/Hispanic Studies
1338,2017,2017_488,Iberian Languages/Hispanic Studies
1339,2017,2017_584,Iberian Languages/Hispanic Studies
1340,2017,2017_562,Land & Property Management
1341,2017,2017_651,Land & Property Management
1342,2017,2017_268,Law
1343,2017,2017_342,Law
1344,2017,2017_479,Law
1345,2017,2017_562,Law
1346,2017,2017_615,Law
1347,2017,2017_619,Law
1348,2017,2017_136,Librarianship & Information Management
1349,2017,2017_156,Librarianship & Information Management
1350,2017,2017_158,Librarianship & Information Management
1351,2017,2017_159,Librarianship & Information Management
1352,2017,2017_166,Librarianship & Information Management
1353,2017,2017_167,Librarianship & Information Management
1354,2017,2017_183,Librarianship & Information Management
1355,2017,2017_185,Librarianship & Information Management
1356,2017,2017_214,Librarianship & Information Management
1357,2017,2017_227,Librarianship & Information Management
1358,2017,2017_230,Librarianship & Information Management
1359,2017,2017_288,Librarianship & Information Management
1360,2017,2017_298,Librarianship & Information Management
1361,2017,2017_326,Librarianship & Information Management
1362,2017,2017_330,Librarianship & Information Management
1363,2017,2017_342,Librarianship & Information Management
1364,2017,2017_378,Librarianship & Information Management
1365,2017,2017_379,Librarianship & Information Management
1366,2017,2017_452,Librarianship & Information Management
1367,2017,2017_463,Librarianship & Information Management
1368,2017,2017_478,Librarianship & Information Management
1369,2017,2017_479,Librarianship & Information Management
1370,2017,2017_487,Librarianship & Information Management
1371,2017,2017_488,Librarianship & Information Management
1372,2017,2017_587,Librarianship & Information Management
1373,2017,2017_597,Librarianship & Information Management
1374,2017,2017_613,Librarianship & Information Management
1375,2017,2017_632,Librarianship & Information Management
1376,2017,2017_671,Librarianship & Information Management
1377,2017,2017_673,Librarianship & Information Management
1378,2017,2017_675,Librarianship & Information Management
1379,2017,2017_716,Librarianship & Information Management
1380,2017,2017_727,Librarianship & Information Management
1381,2017,2017_765,Librarianship & Information Management
1382,2017,2017_819,Librarianship & Information Management
1383,2017,2017_852,Librarianship & Information Management
1384,2017,2017_857,Librarianship & Information Management
1385,2017,2017_891,Librarianship & Information Management
1386,2017,2017_895,Librarianship & Information Management
1387,2017,2017_114,Linguistics
1388,2017,2017_118,Linguistics
1389,2017,2017_120,Linguistics
1390,2017,2017_160,Linguistics
1391,2017,2017_166,Linguistics
1392,2017,2017_176,Linguistics
1393,2017,2017_322,Linguistics
1394,2017,2017_329,Linguistics
1395,2017,2017_340,Linguistics
1396,2017,2017_374,Linguistics
1397,2017,2017_439,Linguistics
1398,2017,2017_448,Linguistics
1399,2017,2017_452,Linguistics
1400,2017,2017_462,Linguistics
1401,2017,2017_463,Linguistics
1402,2017,2017_479,Linguistics
1403,2017,2017_480,Linguistics
1404,2017,2017_481,Linguistics
1405,2017,2017_483,Linguistics
1406,2017,2017_488,Linguistics
1407,2017,2017_493,Linguistics
1408,2017,2017_519,Linguistics
1409,2017,2017_562,Linguistics
1410,2017,2017_584,Linguistics
1411,2017,2017_587,Linguistics
1412,2017,2017_592,Linguistics
1413,2017,2017_597,Linguistics
1414,2017,2017_615,Linguistics
1415,2017,2017_673,Linguistics
1416,2017,2017_675,Linguistics
1417,2017,2017_707,Linguistics
1418,2017,2017_715,Linguistics
1419,2017,2017_816,Linguistics
1420,2017,2017_858,Linguistics
1421,2017,2017_940,Linguistics
1422,2017,2017_268,Marketing
1423,2017,2017_562,Marketing
1424,2017,2017_779,Marketing
1425,2017,2017_857,Marketing
1426,2017,2017_903,Marketing
1427,2017,2017_268,Materials Technology
1428,2017,2017_459,Materials Technology
1429,2017,2017_492,Materials Technology
1430,2017,2017_523,Materials Technology
1431,2017,2017_562,Materials Technology
1432,2017,2017_567,Materials Technology
1433,2017,2017_575,Materials Technology
1434,2017,2017_615,Materials Technology
1435,2017,2017_636,Materials Technology
1436,2017,2017_659,Materials Technology
1437,2017,2017_666,Materials Technology
1438,2017,2017_673,Materials Technology
1439,2017,2017_675,Materials Technology
1440,2017,2017_677,Materials Technology
1441,2017,2017_699,Materials Technology
1442,2017,2017_716,Materials Technology
1443,2017,2017_728,Materials Technology
1444,2017,2017_729,Materials Technology
1445,2017,2017_742,Materials Technology
1446,2017,2017_749,Materials Technology
1447,2017,2017_777,Materials Technology
1448,2017,2017_783,Materials Technology
1449,2017,2017_785,Materials Technology
1450,2017,2017_796,Materials Technology
1451,2017,2017_798,Materials Technology
1452,2017,2017_813,Materials Technology
1453,2017,2017_838,Materials Technology
1454,2017,2017_852,Materials Technology
1455,2017,2017_853,Materials Technology
1456,2017,2017_857,Materials Technology
1457,2017,2017_867,Materials Technology
1458,2017,2017_884,Materials Technology
1459,2017,2017_888,Materials Technology
1460,2017,2017_945,Materials Technology
1461,2017,2017_133,Mathematics
1462,2017,2017_135,Mathematics
1463,2017,2017_139,Mathematics
1464,2017,2017_144,Mathematics
1465,2017,2017_155,Mathematics
1466,2017,2017_173,Mathematics
1467,2017,2017_181,Mathematics
1468,2017,2017_186,Mathematics
1469,2017,2017_191,Mathematics
1470,2017,2017_238,Mathematics
1471,2017,2017_243,Mathematics
1472,2017,2017_249,Mathematics
1473,2017,2017_260,Mathematics
1474,2017,2017_268,Mathematics
1475,2017,2017_272,Mathematics
1476,2017,2017_279,Mathematics
1477,2017,2017_280,Mathematics
1478,2017,2017_300,Mathematics
1479,2017,2017_314,Mathematics
1480,2017,2017_337,Mathematics
1481,2017,2017_348,Mathematics
1482,2017,2017_355,Mathematics
1483,2017,2017_361,Mathematics
1484,2017,2017_362,Mathematics
1485,2017,2017_369,Mathematics
1486,2017,2017_371,Mathematics
1487,2017,2017_383,Mathematics
1488,2017,2017_397,Mathematics
1489,2017,2017_425,Mathematics
1490,2017,2017_429,Mathematics
1491,2017,2017_454,Mathematics
1492,2017,2017_472,Mathematics
1493,2017,2017_488,Mathematics
1494,2017,2017_491,Mathematics
1495,2017,2017_502,Mathematics
1496,2017,2017_512,Mathematics
1497,2017,2017_515,Mathematics
1498,2017,2017_528,Mathematics
1499,2017,2017_533,Mathematics
1500,2017,2017_537,Mathematics
1501,2017,2017_543,Mathematics
1502,2017,2017_551,Mathematics
1503,2017,2017_553,Mathematics
1504,2017,2017_554,Mathematics
1505,2017,2017_558,Mathematics
1506,2017,2017_562,Mathematics
1507,2017,2017_567,Mathematics
1508,2017,2017_575,Mathematics
1509,2017,2017_579,Mathematics
1510,2017,2017_606,Mathematics
1511,2017,2017_609,Mathematics
1512,2017,2017_610,Mathematics
1513,2017,2017_612,Mathematics
1514,2017,2017_615,Mathematics
1515,2017,2017_616,Mathematics
1516,2017,2017_625,Mathematics
1517,2017,2017_673,Mathematics
1518,2017,2017_675,Mathematics
1519,2017,2017_692,Mathematics
1520,2017,2017_693,Mathematics
1521,2017,2017_696,Mathematics
1522,2017,2017_706,Mathematics
1523,2017,2017_707,Mathematics
1524,2017,2017_709,Mathematics
1525,2017,2017_712,Mathematics
1526,2017,2017_716,Mathematics
1527,2017,2017_721,Mathematics
1528,2017,2017_722,Mathematics
1529,2017,2017_723,Mathematics
1530,2017,2017_729,Mathematics
1531,2017,2017_730,Mathematics
1532,2017,2017_732,Mathematics
1533,2017,2017_739,Mathematics
1534,2017,2017_741,Mathematics
1535,2017,2017_760,Mathematics
1536,2017,2017_761,Mathematics
1537,2017,2017_762,Mathematics
1538,2017,2017_769,Mathematics
1539,2017,2017_778,Mathematics
1540,2017,2017_779,Mathematics
1541,2017,2017_785,Mathematics
1542,2017,2017_788,Mathematics
1543,2017,2017_792,Mathematics
1544,2017,2017_794,Mathematics
1545,2017,2017_796,Mathematics
1546,2017,2017_809,Mathematics
1547,2017,2017_827,Mathematics
1548,2017,2017_829,Mathematics
1549,2017,2017_843,Mathematics
1550,2017,2017_844,Mathematics
1551,2017,2017_847,Mathematics
1552,2017,2017_857,Mathematics
1553,2017,2017_867,Mathematics
1554,2017,2017_869,Mathematics
1555,2017,2017_871,Mathematics
1556,2017,2017_872,Mathematics
1557,2017,2017_876,Mathematics
1558,2017,2017_877,Mathematics
1559,2017,2017_888,Mathematics
1560,2017,2017_926,Mathematics
1561,2017,2017_930,Mathematics
1562,2017,2017_933,Mathematics
1563,2017,2017_941,Mathematics
1564,2017,2017_942,Mathematics
1565,2017,2017_125,Mechanical Engineering
1566,2017,2017_148,Mechanical Engineering
1567,2017,2017_268,Mechanical Engineering
1568,2017,2017_272,Mechanical Engineering
1569,2017,2017_287,Mechanical Engineering
1570,2017,2017_296,Mechanical Engineering
1571,2017,2017_385,Mechanical Engineering
1572,2017,2017_543,Mechanical Engineering
1573,2017,2017_549,Mechanical Engineering
1574,2017,2017_551,Mechanical Engineering
1575,2017,2017_562,Mechanical Engineering
1576,2017,2017_566,Mechanical Engineering
1577,2017,2017_588,Mechanical Engineering
1578,2017,2017_593,Mechanical Engineering
1579,2017,2017_610,Mechanical Engineering
1580,2017,2017_615,Mechanical Engineering
1581,2017,2017_632,Mechanical Engineering
1582,2017,2017_636,Mechanical Engineering
1583,2017,2017_642,Mechanical Engineering
1584,2017,2017_643,Mechanical Engineering
1585,2017,2017_673,Mechanical Engineering
1586,2017,2017_675,Mechanical Engineering
1587,2017,2017_683,Mechanical Engineering
1588,2017,2017_689,Mechanical Engineering
1589,2017,2017_707,Mechanical Engineering
1590,2017,2017_712,Mechanical Engineering
1591,2017,2017_716,Mechanical Engineering
1592,2017,2017_729,Mechanical Engineering
1593,2017,2017_745,Mechanical Engineering
1594,2017,2017_747,Mechanical Engineering
1595,2017,2017_749,Mechanical Engineering
1596,2017,2017_778,Mechanical Engineering
1597,2017,2017_792,Mechanical Engineering
1598,2017,2017_795,Mechanical Engineering
1599,2017,2017_796,Mechanical Engineering
1600,2017,2017_809,Mechanical Engineering
1601,2017,2017_819,Mechanical Engineering
1602,2017,2017_827,Mechanical Engineering
1603,2017,2017_829,Mechanical Engineering
1604,2017,2017_833,Mechanical Engineering
1605,2017,2017_838,Mechanical Engineering
1606,2017,2017_843,Mechanical Engineering
1607,2017,2017_844,Mechanical Engineering
1608,2017,2017_856,Mechanical Engineering
1609,2017,2017_857,Mechanical Engineering
1610,2017,2017_862,Mechanical Engineering
1611,2017,2017_864,Mechanical Engineering
1612,2017,2017_871,Mechanical Engineering
1613,2017,2017_876,Mechanical Engineering
1614,2017,2017_878,Mechanical Engineering
1615,2017,2017_883,Mechanical Engineering
1616,2017,2017_930,Mechanical Engineering
1617,2017,2017_125,Medicine
1618,2017,2017_128,Medicine
1619,2017,2017_135,Medicine
1620,2017,2017_144,Medicine
1621,2017,2017_163,Medicine
1622,2017,2017_221,Medicine
1623,2017,2017_231,Medicine
1624,2017,2017_239,Medicine
1625,2017,2017_268,Medicine
1626,2017,2017_271,Medicine
1627,2017,2017_293,Medicine
1628,2017,2017_395,Medicine
1629,2017,2017_408,Medicine
1630,2017,2017_416,Medicine
1631,2017,2017_418,Medicine
1632,2017,2017_419,Medicine
1633,2017,2017_422,Medicine
1634,2017,2017_435,Medicine
1635,2017,2017_436,Medicine
1636,2017,2017_438,Medicine
1637,2017,2017_447,Medicine
1638,2017,2017_456,Medicine
1639,2017,2017_475,Medicine
1640,2017,2017_476,Medicine
1641,2017,2017_477,Medicine
1642,2017,2017_495,Medicine
1643,2017,2017_496,Medicine
1644,2017,2017_499,Medicine
1645,2017,2017_507,Medicine
1646,2017,2017_519,Medicine
1647,2017,2017_520,Medicine
1648,2017,2017_527,Medicine
1649,2017,2017_528,Medicine
1650,2017,2017_536,Medicine
1651,2017,2017_537,Medicine
1652,2017,2017_548,Medicine
1653,2017,2017_549,Medicine
1654,2017,2017_550,Medicine
1655,2017,2017_551,Medicine
1656,2017,2017_561,Medicine
1657,2017,2017_562,Medicine
1658,2017,2017_563,Medicine
1659,2017,2017_566,Medicine
1660,2017,2017_596,Medicine
1661,2017,2017_598,Medicine
1662,2017,2017_599,Medicine
1663,2017,2017_600,Medicine
1664,2017,2017_607,Medicine
1665,2017,2017_608,Medicine
1666,2017,2017_613,Medicine
1667,2017,2017_615,Medicine
1668,2017,2017_616,Medicine
1669,2017,2017_618,Medicine
1670,2017,2017_656,Medicine
1671,2017,2017_667,Medicine
1672,2017,2017_673,Medicine
1673,2017,2017_674,Medicine
1674,2017,2017_675,Medicine
1675,2017,2017_676,Medicine
1676,2017,2017_685,Medicine
1677,2017,2017_698,Medicine
1678,2017,2017_710,Medicine
1679,2017,2017_716,Medicine
1680,2017,2017_729,Medicine
1681,2017,2017_730,Medicine
1682,2017,2017_732,Medicine
1683,2017,2017_797,Medicine
1684,2017,2017_804,Medicine
1685,2017,2017_805,Medicine
1686,2017,2017_811,Medicine
1687,2017,2017_842,Medicine
1688,2017,2017_857,Medicine
1689,2017,2017_858,Medicine
1690,2017,2017_867,Medicine
1691,2017,2017_870,Medicine
1692,2017,2017_902,Medicine
1693,2017,2017_916,Medicine
1694,2017,2017_923,Medicine
1695,2017,2017_924,Medicine
1696,2017,2017_330,Middle Eastern and African Studies
1697,2017,2017_479,Middle Eastern and African Studies
1698,2017,2017_488,Middle Eastern and African Studies
1699,2017,2017_584,Middle Eastern and African Studies
1700,2017,2017_632,Middle Eastern and African Studies
1701,2017,2017_673,Middle Eastern and African Studies
1702,2017,2017_675,Middle Eastern and African Studies
1703,2017,2017_729,Middle Eastern and African Studies
1704,2017,2017_378,Music
1705,2017,2017_488,Music
1706,2017,2017_562,Music
1707,2017,2017_898,Music
1708,2017,2017_419,Nursing
1709,2017,2017_562,Nursing
1710,2017,2017_615,Nursing
1711,2017,2017_698,Nursing
1712,2017,2017_804,Nursing
1713,2017,2017_857,Nursing
1714,2017,2017_562,Ophthalmics
1715,2017,2017_607,Ophthalmics
1716,2017,2017_615,Ophthalmics
1717,2017,2017_675,Ophthalmics
1718,2017,2017_268,Pharmacology & Pharmacy
1719,2017,2017_418,Pharmacology & Pharmacy
1720,2017,2017_419,Pharmacology & Pharmacy
1721,2017,2017_447,Pharmacology & Pharmacy
1722,2017,2017_457,Pharmacology & Pharmacy
1723,2017,2017_464,Pharmacology & Pharmacy
1724,2017,2017_470,Pharmacology & Pharmacy
1725,2017,2017_491,Pharmacology & Pharmacy
1726,2017,2017_528,Pharmacology & Pharmacy
1727,2017,2017_562,Pharmacology & Pharmacy
1728,2017,2017_615,Pharmacology & Pharmacy
1729,2017,2017_655,Pharmacology & Pharmacy
1730,2017,2017_675,Pharmacology & Pharmacy
1731,2017,2017_684,Pharmacology & Pharmacy
1732,2017,2017_857,Pharmacology & Pharmacy
1733,2017,2017_923,Pharmacology & Pharmacy
1734,2017,2017_342,Philosophy
1735,2017,2017_374,Philosophy
1736,2017,2017_488,Philosophy
1737,2017,2017_562,Philosophy
1738,2017,2017_592,Philosophy
1739,2017,2017_117,Physics and Astronomy
1740,2017,2017_121,Physics and Astronomy
1741,2017,2017_127,Physics and Astronomy
1742,2017,2017_138,Physics and Astronomy
1743,2017,2017_141,Physics and Astronomy
1744,2017,2017_144,Physics and Astronomy
1745,2017,2017_148,Physics and Astronomy
1746,2017,2017_152,Physics and Astronomy
1747,2017,2017_153,Physics and Astronomy
1748,2017,2017_172,Physics and Astronomy
1749,2017,2017_174,Physics and Astronomy
1750,2017,2017_175,Physics and Astronomy
1751,2017,2017_177,Physics and Astronomy
1752,2017,2017_181,Physics and Astronomy
1753,2017,2017_182,Physics and Astronomy
1754,2017,2017_184,Physics and Astronomy
1755,2017,2017_187,Physics and Astronomy
1756,2017,2017_191,Physics and Astronomy
1757,2017,2017_193,Physics and Astronomy
1758,2017,2017_198,Physics and Astronomy
1759,2017,2017_199,Physics and Astronomy
1760,2017,2017_200,Physics and Astronomy
1761,2017,2017_207,Physics and Astronomy
1762,2017,2017_212,Physics and Astronomy
1763,2017,2017_213,Physics and Astronomy
1764,2017,2017_216,Physics and Astronomy
1765,2017,2017_218,Physics and Astronomy
1766,2017,2017_225,Physics and Astronomy
1767,2017,2017_233,Physics and Astronomy
1768,2017,2017_238,Physics and Astronomy
1769,2017,2017_240,Physics and Astronomy
1770,2017,2017_244,Physics and Astronomy
1771,2017,2017_245,Physics and Astronomy
1772,2017,2017_250,Physics and Astronomy
1773,2017,2017_252,Physics and Astronomy
1774,2017,2017_257,Physics and Astronomy
1775,2017,2017_258,Physics and Astronomy
1776,2017,2017_259,Physics and Astronomy
1777,2017,2017_260,Physics and Astronomy
1778,2017,2017_264,Physics and Astronomy
1779,2017,2017_265,Physics and Astronomy
1780,2017,2017_267,Physics and Astronomy
1781,2017,2017_268,Physics and Astronomy
1782,2017,2017_270,Physics and Astronomy
1783,2017,2017_274,Physics and Astronomy
1784,2017,2017_275,Physics and Astronomy
1785,2017,2017_276,Physics and Astronomy
1786,2017,2017_285,Physics and Astronomy
1787,2017,2017_287,Physics and Astronomy
1788,2017,2017_289,Physics and Astronomy
1789,2017,2017_290,Physics and Astronomy
1790,2017,2017_291,Physics and Astronomy
1791,2017,2017_295,Physics and Astronomy
1792,2017,2017_296,Physics and Astronomy
1793,2017,2017_300,Physics and Astronomy
1794,2017,2017_303,Physics and Astronomy
1795,2017,2017_311,Physics and Astronomy
1796,2017,2017_319,Physics and Astronomy
1797,2017,2017_338,Physics and Astronomy
1798,2017,2017_343,Physics and Astronomy
1799,2017,2017_346,Physics and Astronomy
1800,2017,2017_347,Physics and Astronomy
1801,2017,2017_348,Physics and Astronomy
1802,2017,2017_349,Physics and Astronomy
1803,2017,2017_350,Physics and Astronomy
1804,2017,2017_351,Physics and Astronomy
1805,2017,2017_356,Physics and Astronomy
1806,2017,2017_357,Physics and Astronomy
1807,2017,2017_358,Physics and Astronomy
1808,2017,2017_360,Physics and Astronomy
1809,2017,2017_362,Physics and Astronomy
1810,2017,2017_363,Physics and Astronomy
1811,2017,2017_364,Physics and Astronomy
1812,2017,2017_369,Physics and Astronomy
1813,2017,2017_373,Physics and Astronomy
1814,2017,2017_380,Physics and Astronomy
1815,2017,2017_383,Physics and Astronomy
1816,2017,2017_386,Physics and Astronomy
1817,2017,2017_393,Physics and Astronomy
1818,2017,2017_394,Physics and Astronomy
1819,2017,2017_396,Physics and Astronomy
1820,2017,2017_398,Physics and Astronomy
1821,2017,2017_403,Physics and Astronomy
1822,2017,2017_405,Physics and Astronomy
1823,2017,2017_410,Physics and Astronomy
1824,2017,2017_411,Physics and Astronomy
1825,2017,2017_412,Physics and Astronomy
1826,2017,2017_420,Physics and Astronomy
1827,2017,2017_423,Physics and Astronomy
1828,2017,2017_445,Physics and Astronomy
1829,2017,2017_448,Physics and Astronomy
1830,2017,2017_453,Physics and Astronomy
1831,2017,2017_458,Physics and Astronomy
1832,2017,2017_460,Physics and Astronomy
1833,2017,2017_461,Physics and Astronomy
1834,2017,2017_462,Physics and Astronomy
1835,2017,2017_463,Physics and Astronomy
1836,2017,2017_464,Physics and Astronomy
1837,2017,2017_492,Physics and Astronomy
1838,2017,2017_497,Physics and Astronomy
1839,2017,2017_500,Physics and Astronomy
1840,2017,2017_501,Physics and Astronomy
1841,2017,2017_502,Physics and Astronomy
1842,2017,2017_503,Physics and Astronomy
1843,2017,2017_504,Physics and Astronomy
1844,2017,2017_505,Physics and Astronomy
1845,2017,2017_506,Physics and Astronomy
1846,2017,2017_508,Physics and Astronomy
1847,2017,2017_511,Physics and Astronomy
1848,2017,2017_515,Physics and Astronomy
1849,2017,2017_516,Physics and Astronomy
1850,2017,2017_517,Physics and Astronomy
1851,2017,2017_523,Physics and Astronomy
1852,2017,2017_526,Physics and Astronomy
1853,2017,2017_533,Physics and Astronomy
1854,2017,2017_535,Physics and Astronomy
1855,2017,2017_537,Physics and Astronomy
1856,2017,2017_539,Physics and Astronomy
1857,2017,2017_546,Physics and Astronomy
1858,2017,2017_551,Physics and Astronomy
1859,2017,2017_554,Physics and Astronomy
1860,2017,2017_558,Physics and Astronomy
1861,2017,2017_560,Physics and Astronomy
1862,2017,2017_561,Physics and Astronomy
1863,2017,2017_562,Physics and Astronomy
1864,2017,2017_564,Physics and Astronomy
1865,2017,2017_567,Physics and Astronomy
1866,2017,2017_573,Physics and Astronomy
1867,2017,2017_576,Physics and Astronomy
1868,2017,2017_577,Physics and Astronomy
1869,2017,2017_579,Physics and Astronomy
1870,2017,2017_582,Physics and Astronomy
1871,2017,2017_591,Physics and Astronomy
1872,2017,2017_602,Physics and Astronomy
1873,2017,2017_603,Physics and Astronomy
1874,2017,2017_605,Physics and Astronomy
1875,2017,2017_612,Physics and Astronomy
1876,2017,2017_615,Physics and Astronomy
1877,2017,2017_621,Physics and Astronomy
1878,2017,2017_629,Physics and Astronomy
1879,2017,2017_632,Physics and Astronomy
1880,2017,2017_634,Physics and Astronomy
1881,2017,2017_642,Physics and Astronomy
1882,2017,2017_643,Physics and Astronomy
1883,2017,2017_644,Physics and Astronomy
1884,2017,2017_645,Physics and Astronomy
1885,2017,2017_646,Physics and Astronomy
1886,2017,2017_648,Physics and Astronomy
1887,2017,2017_649,Physics and Astronomy
1888,2017,2017_660,Physics and Astronomy
1889,2017,2017_663,Physics and Astronomy
1890,2017,2017_669,Physics and Astronomy
1891,2017,2017_673,Physics and Astronomy
1892,2017,2017_675,Physics and Astronomy
1893,2017,2017_676,Physics and Astronomy
1894,2017,2017_678,Physics and Astronomy
1895,2017,2017_686,Physics and Astronomy
1896,2017,2017_687,Physics and Astronomy
1897,2017,2017_688,Physics and Astronomy
1898,2017,2017_695,Physics and Astronomy
1899,2017,2017_699,Physics and Astronomy
1900,2017,2017_701,Physics and Astronomy
1901,2017,2017_704,Physics and Astronomy
1902,2017,2017_706,Physics and Astronomy
1903,2017,2017_707,Physics and Astronomy
1904,2017,2017_714,Physics and Astronomy
1905,2017,2017_716,Physics and Astronomy
1906,2017,2017_718,Physics and Astronomy
1907,2017,2017_721,Physics and Astronomy
1908,2017,2017_723,Physics and Astronomy
1909,2017,2017_729,Physics and Astronomy
1910,2017,2017_733,Physics and Astronomy
1911,2017,2017_736,Physics and Astronomy
1912,2017,2017_737,Physics and Astronomy
1913,2017,2017_739,Physics and Astronomy
1914,2017,2017_740,Physics and Astronomy
1915,2017,2017_742,Physics and Astronomy
1916,2017,2017_744,Physics and Astronomy
1917,2017,2017_745,Physics and Astronomy
1918,2017,2017_746,Physics and Astronomy
1919,2017,2017_748,Physics and Astronomy
1920,2017,2017_749,Physics and Astronomy
1921,2017,2017_753,Physics and Astronomy
1922,2017,2017_754,Physics and Astronomy
1923,2017,2017_758,Physics and Astronomy
1924,2017,2017_759,Physics and Astronomy
1925,2017,2017_760,Physics and Astronomy
1926,2017,2017_761,Physics and Astronomy
1927,2017,2017_764,Physics and Astronomy
1928,2017,2017_777,Physics and Astronomy
1929,2017,2017_781,Physics and Astronomy
1930,2017,2017_783,Physics and Astronomy
1931,2017,2017_787,Physics and Astronomy
1932,2017,2017_795,Physics and Astronomy
1933,2017,2017_796,Physics and Astronomy
1934,2017,2017_798,Physics and Astronomy
1935,2017,2017_804,Physics and Astronomy
1936,2017,2017_806,Physics and Astronomy
1937,2017,2017_807,Physics and Astronomy
1938,2017,2017_812,Physics and Astronomy
1939,2017,2017_813,Physics and Astronomy
1940,2017,2017_819,Physics and Astronomy
1941,2017,2017_820,Physics and Astronomy
1942,2017,2017_823,Physics and Astronomy
1943,2017,2017_824,Physics and Astronomy
1944,2017,2017_825,Physics and Astronomy
1945,2017,2017_828,Physics and Astronomy
1946,2017,2017_829,Physics and Astronomy
1947,2017,2017_833,Physics and Astronomy
1948,2017,2017_836,Physics and Astronomy
1949,2017,2017_838,Physics and Astronomy
1950,2017,2017_840,Physics and Astronomy
1951,2017,2017_843,Physics and Astronomy
1952,2017,2017_852,Physics and Astronomy
1953,2017,2017_853,Physics and Astronomy
1954,2017,2017_854,Physics and Astronomy
1955,2017,2017_857,Physics and Astronomy
1956,2017,2017_860,Physics and Astronomy
1957,2017,2017_864,Physics and Astronomy
1958,2017,2017_867,Physics and Astronomy
1959,2017,2017_872,Physics and Astronomy
1960,2017,2017_876,Physics and Astronomy
1961,2017,2017_884,Physics and Astronomy
1962,2017,2017_888,Physics and Astronomy
1963,2017,2017_894,Physics and Astronomy
1964,2017,2017_896,Physics and Astronomy
1965,2017,2017_911,Physics and Astronomy
1966,2017,2017_913,Physics and Astronomy
1967,2017,2017_925,Physics and Astronomy
1968,2017,2017_931,Physics and Astronomy
1969,2017,2017_933,Physics and Astronomy
1970,2017,2017_934,Physics and Astronomy
1971,2017,2017_936,Physics and Astronomy
1972,2017,2017_937,Physics and Astronomy
1973,2017,2017_938,Physics and Astronomy
1974,2017,2017_939,Physics and Astronomy
1975,2017,2017_941,Physics and Astronomy
1976,2017,2017_944,Physics and Astronomy
1977,2017,2017_946,Physics and Astronomy
1978,2017,2017_948,Physics and Astronomy
1979,2017,2017_950,Physics and Astronomy
1980,2017,2017_562,Physiotherapy
1981,2017,2017_342,Politics
1982,2017,2017_479,Politics
1983,2017,2017_562,Politics
1984,2017,2017_690,Politics
1985,2017,2017_770,Politics
1986,2017,2017_833,Politics
1987,2017,2017_857,Politics
1988,2017,2017_893,Politics
1989,2017,2017_115,Psychology
1990,2017,2017_120,Psychology
1991,2017,2017_137,Psychology
1992,2017,2017_139,Psychology
1993,2017,2017_151,Psychology
1994,2017,2017_157,Psychology
1995,2017,2017_160,Psychology
1996,2017,2017_388,Psychology
1997,2017,2017_390,Psychology
1998,2017,2017_455,Psychology
1999,2017,2017_479,Psychology
2000,2017,2017_483,Psychology
2001,2017,2017_562,Psychology
2002,2017,2017_571,Psychology
2003,2017,2017_578,Psychology
2004,2017,2017_592,Psychology
2005,2017,2017_619,Psychology
2006,2017,2017_623,Psychology
2007,2017,2017_635,Psychology
2008,2017,2017_657,Psychology
2009,2017,2017_672,Psychology
2010,2017,2017_709,Psychology
2011,2017,2017_729,Psychology
2012,2017,2017_735,Psychology
2013,2017,2017_797,Psychology
2014,2017,2017_817,Psychology
2015,2017,2017_842,Psychology
2016,2017,2017_857,Psychology
2017,2017,2017_860,Psychology
2018,2017,2017_897,Psychology
2019,2017,2017_943,Psychology
2020,2017,2017_121,Robotics
2021,2017,2017_122,Robotics
2022,2017,2017_223,Robotics
2023,2017,2017_268,Robotics
2024,2017,2017_270,Robotics
2025,2017,2017_280,Robotics
2026,2017,2017_287,Robotics
2027,2017,2017_394,Robotics
2028,2017,2017_419,Robotics
2029,2017,2017_512,Robotics
2030,2017,2017_523,Robotics
2031,2017,2017_562,Robotics
2032,2017,2017_613,Robotics
2033,2017,2017_672,Robotics
2034,2017,2017_675,Robotics
2035,2017,2017_678,Robotics
2036,2017,2017_681,Robotics
2037,2017,2017_747,Robotics
2038,2017,2017_778,Robotics
2039,2017,2017_779,Robotics
2040,2017,2017_784,Robotics
2041,2017,2017_796,Robotics
2042,2017,2017_797,Robotics
2043,2017,2017_827,Robotics
2044,2017,2017_857,Robotics
2045,2017,2017_488,Russian & East European Languages
2046,2017,2017_525,Social Policy
2047,2017,2017_562,Social Policy
2048,2017,2017_651,Social Policy
2049,2017,2017_672,Social Policy
2050,2017,2017_673,Social Policy
2051,2017,2017_675,Social Policy
2052,2017,2017_729,Social Policy
2053,2017,2017_857,Social Policy
2054,2017,2017_562,Social Work
2055,2017,2017_454,Sociology
2056,2017,2017_562,Sociology
2057,2017,2017_619,Sociology
2058,2017,2017_623,Sociology
2059,2017,2017_690,Sociology
2060,2017,2017_707,Sociology
2061,2017,2017_709,Sociology
2062,2017,2017_729,Sociology
2063,2017,2017_735,Sociology
2064,2017,2017_770,Sociology
2065,2017,2017_848,Sociology
2066,2017,2017_857,Sociology
2067,2017,2017_860,Sociology
2068,2017,2017_861,Sociology
2069,2017,2017_878,Sociology
2070,2017,2017_268,Sports Science
2071,2017,2017_562,Sports Science
2072,2017,2017_932,Sports Science
2073,2017,2017_166,Theology & Religious Studies
2074,2017,2017_185,Theology & Religious Studies
2075,2017,2017_342,Theology & Religious Studies
2076,2017,2017_366,Theology & Religious Studies
2077,2017,2017_374,Theology & Religious Studies
2078,2017,2017_488,Theology & Religious Studies
2079,2017,2017_584,Theology & Religious Studies
2080,2017,2017_587,Theology & Religious Studies
2081,2017,2017_597,Theology & Religious Studies
2082,2017,2017_604,Theology & Religious Studies
2083,2017,2017_370,Town & Country Planning and Landscape Design
2084,2017,2017_562,Town & Country Planning and Landscape Design
2085,2017,2017_572,Town & Country Planning and Landscape Design
2086,2017,2017_623,Town & Country Planning and Landscape Design
2087,2017,2017_673,Town & Country Planning and Landscape Design
2088,2017,2017_790,Town & Country Planning and Landscape Design
2089,2017,2017_268,Veterinary Medicine
2090,2017,2017_271,Veterinary Medicine
2091,2017,2017_562,Veterinary Medicine
2092,2017,2017_804,Veterinary Medicine
2093,2017,2017_857,Veterinary Medicine
2094,2017,2017_562,Youth Work
2095,2017,2017_943,Youth Work
